{"filesMd5":[{"page":"/config/index.js","md5":"f6ff62199ac9fdb106bf404507fe57e5"},{"page":"/mediator/index.js","md5":"2c556a5c0dec501c4adaa6cef87c2c75"},{"page":"/pages/demo/assets/index.js","md5":"64ddf0ec41fa8e20a248b1a9bcacaacd"},{"page":"/pages/demo/bmcalendar/index.js","md5":"168018051eaa5cb6da26a74ed72db655"},{"page":"/pages/demo/bmchart/index.js","md5":"f7043a01a59b195ee9e93808a72cfa99"},{"page":"/pages/demo/bmrichtext/index.js","md5":"e855be722bb88a70da56bf3148e7e2e6"},{"page":"/pages/demo/event/a.js","md5":"c427076ce32313456977d7c47be2fff7"},{"page":"/pages/demo/event/b.js","md5":"83c7ff249717a8dabcf1c6d2eaba6707"},{"page":"/pages/demo/font/index.js","md5":"8686df1ec4269ebca24a4719eb4f9d6a"},{"page":"/pages/demo/globalAttr/index.js","md5":"6142f0c105a115a0b37576f1820959c2"},{"page":"/pages/demo/image/index.js","md5":"c87f3ef2bb30d1595c9d2ca1a362d583"},{"page":"/pages/demo/index.js","md5":"2077dddfcb89bc2ce3eda65d29dee787"},{"page":"/pages/demo/inputExtend/index.js","md5":"43f7367ce9a6393984c9fc5a5c2e4977"},{"page":"/pages/demo/lifecycle/index.js","md5":"e0b840570780ca8ee906d65cb3502605"},{"page":"/pages/demo/notice/index.js","md5":"3462e2dc993e0acc005bec52bf91c359"},{"page":"/pages/demo/other/bindingx.js","md5":"7f6d82b638e688c71937a0a21e686542"},{"page":"/pages/demo/other/bui.js","md5":"ffd4a36a44d4ea1848120c7618729b0f"},{"page":"/pages/demo/other/weexui.js","md5":"4300f5b01961bbd3649b9d193185e6fe"},{"page":"/pages/demo/refresh/index.js","md5":"67a8c736df5fd986b98a275ff7526a1f"},{"page":"/pages/demo/router/index.js","md5":"4d501861a82fc3e8b1863c3bf3ddfedf"},{"page":"/pages/demo/router/tabbarItem1.js","md5":"4b942bc8b7444fca583437e9b2ef9387"},{"page":"/pages/demo/router/tabbarItem2.js","md5":"251b3a47a29fe78e206a59635bed5603"},{"page":"/pages/demo/router/tabbarItem3.js","md5":"fd677ba96d71d98502bb9f3a895a7a0a"},{"page":"/pages/demo/storage/index.js","md5":"8b6bf52d90a6984aaed1d90938fece09"},{"page":"/iconfont/font_1469606063_76593.ttf","md5":"f6222bcfedff4a817bb50df7a049d1db"},{"page":"/iconfont/font_1469606522_9417143.woff","md5":"6cf5490fd14ff83350ff952bb5b8e484"},{"page":"/iconfont/font_zn5b3jswpofuhaor.ttf","md5":"c0356b22e8235d2b0be8880cc81894cc"},{"page":"/iconfont/iconfont-eros.ttf","md5":"68780fad0047dc5b02cb613ebb08cda1"},{"page":"/iconfont/iconfont.ttf","md5":"ec86bfe5bdb872bad2b2af4f11da14f4"},{"page":"/assets/TabBar_Item1@2x.png","md5":"ef847881e8e2816669e0e1df7fce47b2"},{"page":"/assets/TabBar_Item1_Selected@2x.png","md5":"1b779978123324f9190b876416a696be"},{"page":"/assets/TabBar_Item2@2x.png","md5":"36d36dd354a7fb6167c8723965090a54"},{"page":"/assets/TabBar_Item2_Selected@2x.png","md5":"17586aed1787589df7e07a215be234b1"},{"page":"/assets/TabBar_Item3@2x.png","md5":"62ddaa1a90df21991b008bed1be93ce0"},{"page":"/assets/TabBar_Item3_Selected@2x.png","md5":"49f618eca9537e6577411bb5381c7ca0"},{"page":"/assets/demo.jpg","md5":"3e3eb47b88e32a5d1e0ef64366285cab"}],"android":"eros-template-version","iOS":"eros-template-version","appName":"weex-template","jsVersion":"a609d4fb87d44ffab335eaf65c018756","timestamp":1552382091388,"jsPath":"https://app.weex-eros.com/source"}
