{"filesMd5":[{"page":"/config/index.js","md5":"843a7aa81111df623a94ed6c359a0308"},{"page":"/pages/contact/index.js","md5":"8e034c7ce468d38af30b552cc0d09b59"},{"page":"/mediator/index.js","md5":"18f8791d54a41ee38df803d58058bb93"},{"page":"/pages/user/index.js","md5":"4147f331b50a834866d72b88da2b7f83"},{"page":"/pages/index.js","md5":"21a1dea165224c0b250e71fc56d4c60b"},{"page":"/iconfont/font_1469606063_76593.ttf","md5":"f6222bcfedff4a817bb50df7a049d1db"},{"page":"/iconfont/font_1469606522_9417143.woff","md5":"6cf5490fd14ff83350ff952bb5b8e484"},{"page":"/iconfont/font_zn5b3jswpofuhaor.ttf","md5":"c0356b22e8235d2b0be8880cc81894cc"},{"page":"/iconfont/iconfont-eros.ttf","md5":"68780fad0047dc5b02cb613ebb08cda1"},{"page":"/iconfont/iconfont.ttf","md5":"ec86bfe5bdb872bad2b2af4f11da14f4"},{"page":"/assets/TabBar_Item1@2x.png","md5":"2ddd5ec0afdf265345caf505301f2efc"},{"page":"/assets/TabBar_Item1_Selected@2x.png","md5":"a37d972349b892b7f876711b3971c0cd"},{"page":"/assets/TabBar_Item2@2x.png","md5":"1229e0510406a1a7d6bd00971ad05f29"},{"page":"/assets/TabBar_Item2_Selected@2x.png","md5":"db7ed62ffffc1550c8195bf1f7da5e36"},{"page":"/assets/TabBar_Item3@2x.png","md5":"6365961c3362d4bac80d85dd5d066f12"},{"page":"/assets/TabBar_Item3_Selected@2x.png","md5":"7b6f120bed320f418f37bce139bc39a0"}],"android":"1.0.0","iOS":"1.0.0","appName":"weex-template","jsVersion":"289a548b9a9490007e4edbba852d8a64","timestamp":1552403433220,"jsPath":"https://app.weex-eros.com/source"}
